{"cameraMode":{"drawMode":0,"name":"Shaded","section":"Shading Mode"},"sceneLighting":true,"audioPlay":false,"sceneViewState":{"showFog":true,"showMaterialUpdate":true,"showSkybox":true,"showFlares":true,"showImageEffects":true,"showParticleSystems":true},"in2DMode":false,"pivot":{"x":0.1811504364013672,"y":6.860103607177734,"z":-0.40380382537841799},"rotation":{"x":-0.06650705635547638,"y":0.27818143367767336,"z":-0.01931169256567955,"w":-0.9580287337303162},"size":20.598875045776368,"orthographic":false}